"","X","X10.Minute.Sausage.Skillet.with.Cherry.Tomatoes.and.Broccolini","Arroz.Caldo..Chicken.Rice.Porridge.","Baked.Feta.and.Greens.with.Lemony.Yogurt","Baked.Mustard.Crusted.Salmon.with.Asparagus.and.Tarragon","Baked.Penne.with.Green.Chiles","Basil.Cashew.Lime.Vermicelli.Bowls.with.Pork.and.Green.Beans","Beef.and.Potato.Pasties","Black.Eyed.Peas.With.Chard.and.Green.Herb.Smash","Bourbon.Pumpkin.Pie","Braised.Chicken.Thighs.with.Squash.and.Mustard.Greens","Braised.Rotisserie.Chicken.with.Bacon..Tomatoes..and.Kale.","Broiled.Cod.with.Fennel.and.Orange","Broiled.Salmon.with.Scallions.and.Sesame","Brûléed.Bourbon.Maple.Pumpkin.Pie","Butternut.Squash.Tart.with.Fried.Sage","Butternut.Squash.and.Creamed.Spinach.Gratin","Butternut.Squash..Kale..and.Crunchy.Pepitas.Taco.","Cheesy.Baked.Spaghetti.Squash.Boats.with.Salami..Sun.Dried.Tomatoes..and.Spinach.","Cheesy.Chicken.Enchilada.Skillet","Cheesy.Delicata.Squash.and.Kale.Casserole","Chicken.and.Dumplings.with.Mushrooms","Chickpea.Crêpe..Tacos..with.Eggplant.and.Lamb.","Chickpea.Salad.Sandwich.with.Creamy.Carrot.Radish.Slaw","Chile.Marinated.Pork.with.Vietnamese.Brussels.Sprouts","Chilled.Coconut.Corn.Soup","Coconut.Chicken.Curry.in.a.Hurry","Cracked.Farro.and.Broccoli.Salad","Crispy.Chicken.and.Potatoes.with.Cabbage.Slaw","Curried.Chickpea.and.Lentil.Dal","Curried.Lentil..Tomato..and.Coconut.Soup.","Curried.Pumpkin.Soup","Dandelion.Salad.with.Pomegranate.Seeds..Pine.Nuts..and.Roasted.Delicata.Squash.","Dill.Crusted.Pork.Tenderloin.with.Farro..Pea..and.Blistered.Tomato.Salad.","Double.Pork.Carnitas","Easy.Beef.Lo.Mein","Easy.Fried.Rice.with.Chicken.and.Broccolini","Easy.General.Tso.s.Chicken","Easy.Green.Curry.with.Chicken..Bell.Pepper..and.Sugar.Snap.Peas.","Easy.Lamb.Tagine.with.Pomegranate","Escarole.with.Italian.Sausage.and.White.Beans","Fiorentini.with.Butternut.Squash","Grain.Bowl.with.Spiced.Squash..Mushrooms..and.Curried.Yogurt.","Grain.Bowls.with.Chicken..Spiced.Chickpeas..and.Avocado.","Hasselback.Butternut.Squash.with.Bay.Leaves","Herb.Crusted.Cauliflower.Steaks.with.Beans.and.Tomatoes","Herby.Chicken.Kofta.Meatballs","Hot.Honey.Pork.Chops.with.Escarole.and.White.Beans","Hummus.Dinner.Bowls.with.Spiced.Ground.Beef.and.Tomatoes","Istanbul.Style.Wet.Burger..Islak.Burger.","Kabocha.Squash.Cake.with.Brown.Sugar.Cream","Kabocha.Squash.and.Pork.Stir.Fry","Kale.Salad.with.Butternut.Squash..Pomegranate..and.Pumpkin.Seeds.","Korean.Fried.Chicken","Make.Ahead.Crispy.Chicken.Cutlets","Mediterranean.Eggplant.and.Barley.Salad","Miso.Tahini.Squash.Soup.with.Brown.Rice","Navy.Bean.and.Escarole.Stew.with.Feta.and.Olives","One.Pot.Curried.Cauliflower.with.Couscous.and.Chickpeas","One.Pot.Pasta.Primavera.with.Shrimp","One.Skillet.Roasted.Butternut.Squash.with.Spiced.Chickpeas","Orange.Sweet.Rolls","Our.Favorite.Lasagna.with.Sausage..Spinach..and.Three.Cheeses.","Our.Favorite.Spaghetti.and.Meatballs","Oven.Risotto.with.Crispy.Roasted.Mushrooms","Pantry.Pasta.Puttanesca","Pasta.With.15.Minute.Meat.Sauce","Persian.Chicken.with.Turmeric.and.Lime","Persian.Spiced.Chicken.with.Spaghetti.Squash..Pomegranate..and.Pistachios.","Pork.Tenderloin.with.Turmeric..Squash..and.Collard.Greens.Salad.","Pork.and.Squash.Stew.with.Chiles","Pull.Apart.Bread.with.Pumpkin.and.Spinach","Pumpkin.Cheesecake.with.Bourbon.Sour.Cream.Topping","Pumpkin.Icebox.Pie.With.Snickerdoodle.Crust","Pumpkin.Muffins","Pumpkin.Spice.Bundt.Cake.with.Buttermilk.Icing","Pumpkin.Whoopie.Pies","Pumpkin.and.Cookie.Butter.Sheet.Cake.with.Toasted.Meringue","Quiche.Sardou","Quick.Chicken.Tikka.Masala","Quick.Pork.Ramen.with.Carrots..Zucchini..and.Bok.Choy.","Quick.Sesame.Chicken.with.Broccoli","Quick.Sweet.Potato..Mushroom..and.Black.Bean.Burrito.","Quick.Sweet.and.Sour.Chicken","Ricotta.Pumpkin.Gnocchi.with.Brown.Butter","Roast.Fish.with.Cannellini.Beans.and.Green.Olives","Roasted.Acorn.and.Delicata.Squash.Salad","Roasted.Apricot.Chicken.with.Mint.and.Sage.Butternut.Squash","Sheet.Pan.Cumin.Chicken.Thighs.with.Squash..Fennel..and.Grapes.","Sheet.Pan.Pasta.Bake.with.Chicken.and.Kale","Sheet.Pan.Skirt.Steak.With.Balsamic.Vinaigrette..Broccolini..and.White.Beans.","Shrimp.Poached.in.Coconut.Milk.with.Fresh.Herbs..Yerra.Moolee.","Shrimp.with.Herby.White.Beans.and.Tomatoes","Skillet.Chicken.and.Zucchini.Enchiladas.with.Tomatillo.Sauce","Skillet.Phyllo.Pie.with.Butternut.Squash..Kale..and.Goat.Cheese.","Slow.Cooker.Pork.Shoulder.with.Zesty.Basil.Sauce","Slow.Cooker.Chicken.Congee","Slow.Cooker.Chipotle.Orange.Pork.Tacos","Slow.Cooker.White.Chicken.Chili","Spanish.Frittata.with.Herby.Yogurt.and.Greens","Spicy.Black.Bean.and.Corn.Tacos","Stuffed.Sweet.Potatoes.with.Beans.and.Guacamole","Stuffed.Sweet.Potatoes.with.Curried.Chickpeas.and.Mushrooms","Summer.Corn..Tomato..and.Salmon.Salad.with.Za.atar.Dressing.","Thai.Red.Curry.with.Butternut.Squash.and.Chickpeas","The.Winterized.Penicillin","Tomato.and.Cannellini.Bean.Soup","Tuna.and.Artichoke.Cooler.Pressed.Sandwiches","Twice.Baked.Butternut.Squash.With.Parmesan.Cream.and.Candied.Bacon","Vegetarian.Brown.Rice.Salad.With.Parsnips.and.Whipped.Ricotta","Veggie.Burgers.with.Zucchini.and.Corn","Very.Versatile.Baked.Beans.With.Cabbage","Vietnamese.Style.Spaghetti.Squash..Noodle..Bowls.with.Skirt.Steak","White.Bean.Salad.with.Lemon.and.Cumin","White.Chicken.Chili","Winter.Squash.Soup.with.Gruyère.Croutons"
"1",0,4.79046699129351,3.45178761279606,4.46311620094662,5.01630320634762,4.34893987250184,4.87556000226186,4.28502163563324,2,4,2.49837550369419,5,4.0976900299251,3.93723391456853,4,3.95997436665774,5,1,2.37663522615992,3.69986608853235,4.02123155521883,5,5,4.08044339895078,5,3.90462617950325,3.69239683228433,3.41842548359489,4,3.04718933956274,4.14006246088997,4.61438470658089,2.5,4.67838059074551,4.50739990023821,3.96144695653714,2.08649542266868,5,3.21230605510932,5.34036373194572,4,3,2.97833095783077,4.20604008047565,4.42478154541195,4.74795409375969,4.18971453046737,4.1095699301908,4.56088579975657,4.69776613217114,4.5,4.76971273886936,4.73374532537986,2.65154197598275,4.51376788946033,3.18136934394867,4.0417418872937,4.92208426639045,4.46605386226637,4.06598103499384,4.57529370099992,4.71975159565633,4.55735615033295,4.68645212219655,3.97281363628257,3.32834933162124,4.28361549101546,4.06602170971929,4.36068532544607,3.75023423432245,3.96391229363318,3.91497643699848,4.37434179178381,5.12569570860539,2.66666666666667,4,5,4.80758558904336,1.98253014381293,4,3.78126958169003,5.22034732678445,4.49849632098879,3.18712485483401,3.01675781921699,5.34439519138194,4.18640246990903,2.01391728556403,4.34015138953022,4.19672364583518,4,3.30727811267629,4.34365283398347,4.21099111907923,3.71553925657745,3.14920107109983,4.05061543341886,4.50912785831698,3.49641927149368,4.52736432076774,4.871546273301,5.07973998049972,3.66860363306986,3,4.5,5,3.8189450788934,5,4.62629606580836,4.59010616064025,4.19820983384897,4.91769516643919,4.67766830936576,4.66666666666667,5,3
"2",1,5,3.40281616502831,4.34358358536015,4.84731032617987,4.18755995125613,5,4.16857952737237,3.55360432105163,1,2.49852823778155,4.29691058587551,5,3.82876348404297,3.78130788861484,4,5,3.54656840660023,2.36334691858448,3.62191804116949,4,4,4.54239513206094,3.97531111315947,3.69565565149211,3,3.62488652532869,3.36110391738293,4,3.01821960772227,4.04910793485342,4.45811305100237,5,4.55264118988689,4.39079734328481,3.83176050314812,2.12606690619173,4.18040061261843,3.178620108809,5.11854237476473,4,4,2.95573574650738,4,4.28006768910798,5,4.07009483171525,4.00216700435027,4.42710447231483,4.55756192380061,4.5,4.62782627516535,4.60299747630914,2.64922836332355,4.3916911145641,3.1397105878451,3.94294798432526,4.74567100104738,4.32140036687953,3.97332542569531,4.44269791348842,4.58429774693277,4.41614868032843,5,3.89030964900858,3.2663887171371,4.15080512799742,5,5,3.67922472016926,5,3.8356717401032,3.5,4.90257178533755,2,5,3.90435247582444,4.61561183680984,1.9563930574952,4.18961917640087,3.71219365313914,5.02251442095287,4.37602772694403,3.09691476262614,2.95100737277662,5.12705449170647,5,2.01477709791994,4,4.05989382016291,3.85947031489738,3.24717487146055,4.24454969224981,4.10870815014599,3.63109025863822,3.11711815886825,3.91983158791635,4.37188971999977,2,4.39912259460553,4.72304291107013,5,3.54183111989018,4.08043725493985,3.33874325214225,4.65803207372426,3.73199360260794,4.51531796095631,4.46734902328642,4.42597304445759,4.01507471192619,4.75633883113517,1,2,4,3.67598376378734
"3",2,5.3739086800382,3.96766392301367,5.02824413406172,5.58867897705362,4.81821429649763,5.45056300791721,4.8245550074259,4.14058779432992,4,2.93628810382382,5,4.64040629571573,4.4302956228332,4.35200124764542,3,5.41612286854157,5,2.76885924741536,4.20667414264532,4.53423245201032,4.5,5.25296828726698,4,5,4.38978816688422,4.21681621586009,3.91332218208486,4.96927707486808,3.52844853160348,4.70040302458349,5,3.91196854125986,5.2699654115377,5.08559602226003,4.42029333291027,2.52371115667755,5,3.71393970612259,5.87374637984309,4.42747892255336,3.72863496738227,5,4.74609346345028,4.93755033234873,5,4.70679335671894,5,5.11731228442067,5,4.77879707344784,5.34802747733803,5.32594984643004,3.11181389896164,5,3.66313215808867,4.57064997303438,5.46450550938106,5,5,5.1363929295449,5.3009746505644,5,5.23555766471307,4.519175191568,2,5,4.54139719571796,4.87053953369895,5,5,4.4570058710303,5,5.61911429818851,4,4.6701860585056,4.52723973790481,5.30174499211508,1,5,4.31841875384935,5.77618898323509,5.06449989657676,3.58189050465514,3,5.88660577250181,5,2.36824991582991,4.87164685072222,5,3,3.77766320213978,4.92488556014129,4.7632219084648,4.21330896717529,3.64268643942913,4.52309212468161,5.05022210102275,3.9730074912396,5.08796012841038,5.45570504790828,5.6573287742988,4.08143507349967,5,4,5.33645281748812,4.3302921395986,5.16831507357718,5,5.09663472207149,4.60164714770577,5.48664014086913,5.13450515969141,2.87218076884623,5,5
"4",3,4.91152736655482,3.68215285430066,4.60821892835891,5.08524581906547,4.36830286390584,4.97058266420485,4.4197708800476,3.83799949951866,5,2.7618474062635,4.56296731068331,4.26668152147722,4.05702682527892,1,4.06342586528713,5,3.79511500828891,2.59076358949254,5,4.15770260872014,3.5,4.80542255830632,4.22438624519254,3.90165886865688,4.01770575055145,3.89771766714741,3.6225869550204,4.51676851486683,3.28930763063536,5,5,3.5454385483287,5,4.66512759875845,4.02613579649601,2.41371849048597,4.45798130861476,3.45899359780308,5.29986828683626,5,3.43824518481867,3.23052151339848,5,5,5,4.3057938346252,4.25040919096488,4.67756263377992,5,4.35783608530159,4.88635189772153,4.87686606644152,2.92443877913668,4.65729016515985,1,4.19883404747514,4.96094192887481,4.54320115433153,4,4.69670920563006,5,4.6534811693209,4.77239978258144,5,5,4.37373676022918,4.13903923333369,4.43903695078633,3.95213591431188,2.33333333333333,4.1116822668881,4.4097262524006,5,1,4.28336138559568,3,5,2.1202468067438,4,3.99169343239722,5,4.63934588642085,3.27755947625991,3.15572217223417,5.3165001878895,4.22851015696101,2.22830147043564,5,4.26677328142462,4.1310409197309,2,4.53169320699285,4.37642236349203,3.877266731383,3.39360038240382,4.12171081710812,5,5,4.65556523114745,5,5.14651814601173,3.71037714777713,4.35402724655394,5,4.80069179696668,3.98475991188809,4.64187714386267,4.68147343986452,4.62738015959959,3,4.99700715620716,5,1,5,5
"5",4,4.42359743739758,3.36374274497353,4.16111962460064,4.56091337217722,3.90436312184061,4.46745343891601,3.98945496977383,3.50224233482882,3.19333386381239,2.55380187925203,4.12255856232903,3.86447837265617,3.66070541040761,5,3.66086816783107,4.42098946639728,1,2.38439609889776,3.52028412371705,3.75619868696826,1,5,3.81823606544424,1,3.62334081060374,3.54758770532555,3.30169794034616,4.0469007633371,3.01720064291562,3.92662111405394,4.19274081786503,3.16783060924898,4.36034036054195,4.21618413363759,3.61443677784182,2.26481025382923,2,3.1701606530838,4.71527034234493,3.68800343899397,2,2.96816540945621,3.93524534511025,4.03765616976995,4.42126960524697,3.88141700884715,3.84040256275496,4.21334520367468,5,4,4.39963286569295,5,2.70207969198262,4.20436889080392,3,3,4.43978608958069,4.08003770520679,3.84521751819249,5,4.37010469123894,4.33333333333333,4.28753647163679,3.78398159265792,3.19411414587254,4,3.71800646385458,3.98750189563246,3.59498391058831,3.60325171698828,4,5,4.49152391704832,5,1,3.76755393914829,4.27068691377985,1.93862125396932,4,3.63317348801486,4.67290964322975,4.18745015812149,2.95522936933346,2.86298848908725,5,3.78734818044938,2.06106182354541,4.01312122309403,3.8309747634679,3.74988567702814,3.17879674032738,4.10741157497075,3.96119045055715,3.51454192993661,2,3.70189203739474,5,3.32236951562819,4.19762896367752,4.48155677370828,5,3.32491014573165,5,4,4.25880328458481,3.61184439758167,5,4.5,4.14161488338611,3,4.48569879781116,4.11101802119831,4,5,5
"6",5,4.86039396700503,3.74155985601257,4.58230988515924,4.99281734536276,4.5,5,4.3918270608034,5,3.50819846727955,2.869895702244,4.54205681716172,4.26694700870194,5,5,4.0234290754639,4.84006689559407,5,2.6689989554638,3.89476678839206,4.13821506524731,4,4.76314263099503,4.20828487821952,3.85841335862157,5,5,3.66529621315385,4.42611267327262,3.36781226807634,3,5,3.45615859105788,4.80131665261044,4.64648302642699,4,2.57603216167229,5,3.5,5.12488192428625,4.07248504635242,3.45567986839646,3.31770441828073,4.33711507393328,4,4.86740313305708,4.2679322847847,4.23141494833378,4.62983347300966,5,4.29535148011211,4.83281966013742,5,3.03458712420692,4.62891693196084,5,4.19264574943067,4.85088956424868,3,4.24837999835341,4.65176794416336,4.8046779349193,5,5,4.18752121793797,3.54076676067851,4.31582164667174,4.07564296079449,4.37107497131232,4,3.94425536856408,5,4.31249304854809,4.87243148698484,2.53846050981886,5,4.15868982852286,4,2.15800286959164,4.28917924931044,4.02857481536289,5.09607474316055,4,3.25019235113067,3.16570264087958,5,4.14099783598316,2.3167444023359,5,4.19776503476868,4.14833780430027,3.52500940985018,4.53796296188645,4.37115898298545,3.88322070957216,3.47081647720669,4.05744825135979,4.55468272392666,3.67470649308315,4.61651292491309,5,5.05087904026152,3.63696636735443,4.35734163467362,1,4.61671069284254,4,3,4.59057906029185,5,3.98902317544063,4.91427984596527,4.46295690150638,2,4.71567766212927,1
"7",6,4.97583331210092,3.87017616953638,4.70011871583653,5,5,5.00812779569321,4.50348631823581,4.02256194883174,5,2.99369441823731,5,4,3,3.92436757735582,4.11992792370919,4.93982622278357,3,3,4.01066705005569,4,3.66213715914802,4.8794235217289,4.31957376054005,5,5,4.05816071251305,5,4.51349262867529,3.49365519026391,4.46765811805465,4.68266363507099,1,4.92442677287328,4.76901136895316,4.04425007966951,2.71344648664836,4.5833022102137,3.6659502004387,5.19787769037844,4.18689518176496,5,3.44563768570643,4.45169630523246,4.51803102244278,5,4.37213290041083,4.34218687313166,4.74019063056859,5,3,4.9465219124499,5,3.16383990985504,4.74703833574004,3,4.30748653745517,4.94235067859365,4.56779859340651,5,4.76386094332515,4.92145603915085,5,5,4.31300207044615,3.65206834688921,4.41329178433739,5,4.46604796027794,4.10852393627476,4.02506340251873,3,4,4.93367779699797,2.61288239364555,4.37699466624291,4.27410239788154,4.72104762237534,2.23358976417026,5,4.15615769539986,5,4.72662539770881,3.33013502484327,4,5.22693589009545,4.22166397171283,2.41717288198789,4,4.28746686483696,5,4,4.66748127060544,4.4913677065033,4,3.59902339407656,4.14513323699582,4.65949601762683,3.78311453278919,5,5,5,3.5,5,3.57330690147266,4.67186529225864,4.10462949858487,4.49810004316034,4.68246561097944,3,4.03885488467701,5,4.52196548405384,2.82722386374485,5,4.10201340196519
"8",7,5.07980655716413,3.97678000831829,5,5.19141735899825,4.41140550244042,5.10770795188855,5,4.13133741091018,3.66591153804904,3.09226759702351,4.76514211257375,4.48988755862377,4.21991577201228,3.99257948483509,4.20662390548665,5,4.01872031047804,2.86086603117102,4.10961856135355,4.34117258608344,3.74370326020268,4.98342238275378,4.41717401115892,4.03081207432514,4,4,3.88532387289273,5,3.59634272115696,4,4.77054753612696,3.5766490007785,5.03320020781126,5,4.12238894580182,2.81949680267495,4.69139664560276,2,5.27494635361636,5,3.64779458781734,3.54944559430732,4.55220785943021,4.60539381240295,5.10102271330457,4.4653253895772,4.43956931457311,5,4.97026803063036,5,5.04918208828774,5,3.26696697346171,4.85152632872951,3.68612142706172,5,5,5,4.47425120984701,4.86444636816766,5,4,5,3.5,3.74599273608843,4.50225071871604,2,4,4.21363479911087,4.10083644728907,4.36763196832377,4.47234977793062,5.00150107770886,2.67662841546217,4.47536656942212,4.37418470889909,4.79507024409811,2.29601441807938,5,4.26365507845652,5.27059093901468,4.83027571185026,3.40149889692108,3.33767383272226,5,4.2984281036201,2.49707497073081,5,4.37058274313403,4.5,3,5,4.59582793525018,4.0899475698043,3.7038592771273,5,4.75468066310555,3.87584448492485,4.83130471315116,5.13542437595698,5.25035459960158,3.77755084304748,4.58704843342227,5,4.73420612754917,5,4.55444086167347,5,4.69326725339975,5,5,4.5860332387717,2.90828517293999,4.92218728315064,4.20664555214282
"9",8,5.14745323670645,4.08644792903761,4.88091942263559,5.23764010860329,3,5.16455805795741,5,4,2,4,5,4.57560509546731,4.2841522245738,4.01535817094116,4.26398119767083,5.07855354295888,5,2.9600053845055,4,5,3.80467144073636,5.05428143433395,4.49217164271049,4.08296605423153,4,4.26291409577568,3.98372599184024,4.63220975582691,3.70965200502038,5,4.81211960645858,3.59389389572196,5.11317156514649,4.9588430320908,4.16325198686803,2.96579838074484,5,3.88811895857188,5.27567744635816,4.36813479244671,3.72725566839517,3.66681042977954,4.66666666666667,4.65119914819043,5.18083059415824,5,4,4.5,4,4.52734112927144,5.11487706228918,5,3.39204586537914,4.92780288219597,3.79121862158541,5,5.06334734724739,4.70468828316831,5,4.93152024883915,5.09674465106969,4.84675272036745,4.95002959559528,4.51595745284182,4,4.55502294267792,4.2906130071282,4.601664872348,4.31219142778625,4.13708242372098,4.46453128079016,4.50212870074506,4.99038252107196,2.73243228019195,5,5,4.80465530254844,2.36130338631609,4.48162101328333,4.36594356231144,5.29328630061093,5,4,3.40697357410072,5,4.33043641807815,2.59510283562652,5,4.41451918749589,5,3.82091070376261,5,5,4.17128743982193,5,4.27001678986243,4.81319689311486,3.95760339374089,4.90110552058725,5.19837223474166,5.29586949435254,3.66666666666667,4,3.69660846465944,4.7195022693383,4.28628634695244,5,4.80826105873998,5,5,5.16559782578305,4.58006434590457,2.99546170179251,3,4.30435396329088
"10",9,5.27139155661372,4.21590056036615,5,5.35120169694027,4.52139887084444,5,5,4.37277978751671,3.80328781881251,3.33364993513107,5,5,5,4.09539358360362,4,5.18895788936195,4.219797494978,3.06470857238517,4.3170750096618,4.52660266108094,4,5.17843886050747,4.60919164927464,4,4,4.38986139799715,4.10520196598577,4.72987658539434,3.83480153537834,4.80111371905527,4.9159581740539,3.6637842341446,5.24337477923265,5,5,3.09677412232531,5,4,5.36462929745963,4.48712751900199,3.83391469453844,3.79349177039121,4.74983965797831,4.75468634204454,5.31207865564643,4.64008757883925,4.63004047874338,4.5,5.15455671460286,4.63090955046233,5,5.27751620936909,3.5183969521885,5.05284426034294,5,4.60781989956568,5.16670052832711,5,4.68881478378457,5.05151647860273,5.22154215894628,4.95931819092349,5.06216524881011,4.64502504612029,3.94827674074888,5,4.38746799621356,4.7055508512373,4.43926606486151,4.22663526495902,4.59324294384671,4.59421916323346,5.06796940140112,2.80926445614265,5,5,5,2.43717088765512,5,4.49599156883996,5.39472400019195,5,3.53594695935807,3.50261743320518,5.40552876329498,4.42088255202175,2.69306467707682,4.78854600093672,5,4.59657723349489,4.5,5,5,4.33333333333333,3.9461881700076,4.36604324683176,4.92645765462452,4.06940384649361,5.02210473576485,5.32055729617486,5.4100155311847,3.88830110437116,4.80441010635505,1,4.79055287627112,4,4.59580185654164,4.91063589130099,4.82124967064074,4.14787604567981,5.28021576074826,4.65362260952335,3.09412054136606,5.09926548210885,4.43082629172099
"11",10,5,4.16273596633353,4.88851161460997,5,4.36894545288547,5.13501045574484,4,5,5,3.32569320841546,3,4.60389520201333,5,3.95937931576661,4.5,5.03322956394616,4.14164898435811,3.04562092720953,4.2382613724028,4,3.81231393918185,5.04882017739278,4.50583690541846,5,5,4.32002177462399,4.04498556682998,4.582445397176,3.80009715826931,5,4.76702554316498,3.53894820227692,5.12041484663682,5,4.13178306487434,3.12395030937018,4.81068905965721,4,5.15714098828237,4.5,3.76514806090717,3.7644761291694,4.6431712963715,5,5.18628734803108,4.52395688078986,4.52464448807785,5,5.01913118657902,4.50122573724795,5,5.15008256015557,4,5,3,4.25,4.99950140709432,4.6717251683423,4.59620497634021,4.92301125188126,5,5,4.91841583709539,4.5614213407363,3.88437418491321,4,4.26225968153152,5,4,4.09909308443317,4.51256969753702,4.4458949135571,5,2.7564381073845,4.56228479940639,5,4.71044480288203,2.4083418531233,4.42834820760072,4.42452180713229,5.20819308953579,4.90979503493368,3.4482790738352,3.43647396558748,5.20186934078832,4.28153201304904,2.68728251214286,2,4.38208653679498,5,3.87265435592006,5,4.70457657776054,5,3.90848416792023,4.24079014617243,4.79418603751888,3.99381154335909,4.89748805244588,5.17745310599386,5.24587813769491,3.76772415886799,4.70789349595141,4,4.58979873139061,4.31761036572822,4.39493632118279,4.75937069220048,4.66565482883121,3.97725658339266,5.12594140390317,4.46698241590003,3.06184064672609,4.96188212098161,5
"12",11,5,4.27156150319881,5,5.26735259787796,4.42366436125023,5.21865529756144,4.76778703528941,4.42344301394764,3.76928950041328,3.43388388101033,5,4.70130503228884,5,4.01029048837102,5,5.1085212077874,5,3.13743608171435,4.33386647161829,4.50970893105402,3.88651685349945,5.14071414249027,5,4.14159555369922,4,2,4.14546621840791,4.64751577205368,3.90795479704408,5,4.83744823966899,3.58244374873452,5.2188422437794,5.0717612133606,3.33333333333333,3.24690739071737,4.91251529252019,4.08947015704322,5.20478456776652,4.48917388322334,3.85084975538295,3.87462427661584,4.73539877633479,4.688052516347,5,4,4.61362474903412,4.98012284577972,5.10644110437657,4.57445893266324,5.18911594823131,5,3.62060677240737,5,3.97033370401443,5,5,4.33333333333333,4.69548933737626,5.01131255101811,5.18230596772772,4.90389433826379,5,4.66506673860445,3.97712425857399,4.60852532380955,5,4.64407527253282,4.46975762411564,4.15997027118556,4.61635780617325,4.50577221985305,4.89734083712861,2,4.65228954592298,5,4.75971439038947,2.47249019420274,4.489109999283,5,5.27047330200334,5.00314524611376,3.51157085466376,3.5126139881328,5,4.34134413843923,2.77510292813668,4.74969603771652,4.45051354161836,4.61356160135244,5,5.01499828014089,5,4.29291277259117,4.01818099051726,4.30789474778888,5,4,4.9873150972809,5.26541997009835,5.3232244668463,3.82162086106842,4.80857088041799,3.7527675780232,4.62229543104055,4,4.42073825299253,5,5,4.00747393275254,5.20528067947994,5,3.14608666368584,5.04604013998987,5
"13",12,4.68161733311172,3.92177420692,5,5,3.90322196862853,4.65677456254093,4.2890456245739,4.05411497637,3.37600789311776,3.20918821897726,5,4.25530775720376,4,3.54204343205666,3.88294027767802,3,5,2.91294275572923,3.93857504088979,4.0633881948478,4,5,4.1441494386893,5,3.87109866022197,4.03766183786951,3.79200112292104,4.12142580890361,3.61057645561051,4.36830973431674,5,3.15873928936662,5,4.57288060323647,4,2,5,3.77346081943282,4.54677647640197,4.06409128379194,3.50166585778071,2,3.5,4.17411794922272,5,4.13359870968262,4.1579026139992,4.46268663640666,5,4.08170151229696,5,4.71620056834249,3.38015530873871,4.52405946014954,3.65073015307179,5,4.48254164131574,4.22773485087057,4.25548710402331,4.49352824367428,4.64923614248443,5,4.45550341962002,4.24156930449806,3.62805358423941,3,3.85970258455896,4.13957729171466,4.07548445871615,3.69625349398158,4,3.98697314534822,3,2.55807781316309,4.19350883679246,1,4.17352609203716,2.2731819148998,3.97524684124205,4.13546215546394,4.64245519273839,5,3.15260939136154,3.18855028432362,4.59860437523529,3.84726152179345,2.5945671818502,4.25818433772442,3.96340795471005,4.19185226562873,3.62033953127216,4,4.34142290163376,3.89101036502988,3.70913258538011,3.83877344856152,4.36024413067586,3.70849401157463,5,4.70825148475909,4.72832690052512,3.39008410454375,5,3.362209712727,4,3.99771488009557,3.82184056237713,4,4.18418305983665,3.48319139350946,4.63367736251884,3.92306508994672,2.89963168861852,5,4.06562461378662
"14",13,5.25226024093403,4.39284957947222,5.03068985107591,5.25411394880805,4.38338247777254,5.22575810585304,5,4.54159485485203,2,3.59062892941188,5.00338639804048,5,2,3.97750797584805,5,5,4.31126855555715,3.26052064858663,4.41455783726809,5,3.92588070906603,4,4.64729796196179,4.16010307013139,4.34224786977974,5,4.24848987110791,4.62688948687849,4.04265273019589,5,5,5,5.26823042167604,5.12814178359435,3,3.45421964785141,4.9852580648525,4.2253718328099,5.1095030158779,4,3.92469928639166,4.01735855540803,4.78855998596782,4.68480422028377,5.33306894407485,5,4.66291395429757,5.00657519029952,5,5,5,5.28991804830847,4,5.07406740911378,4,4.66490615547447,5.03307219347026,5,3,5.0409636699331,5.21546665300171,4.91574024244326,5.00016260051799,4.75402472561634,5,5,4,4.5,4.56704391049004,5,4.70789145192823,4.47659531490167,4.78609345416716,2,4.70278942853239,5,4.68888880408958,5,4.46320505787245,4.6339565697721,5,5.0476049875423,3.53640098825707,3.57415721882372,5.16704133364481,4.31929714904126,5,4.77700393297475,4.44825657863484,4.69850952587179,4.05670333590371,5.09502361264861,4.86773389681095,4.36199240356996,5,4.30820029220539,4.89230318983864,4.15682832580734,5.02239924903956,5.2828074735955,5.30765397479532,3.80577516462213,4.88265185224491,5,4.50959631020549,5,4.29785354045468,4.80989631044882,4.69801618089048,3,5.20066014836818,5,3.24713060304914,5.06229187016619,4.5560747953605
"15",14,5.20219352014047,4.39974501945581,4.99374578374736,5,4.31074899105449,5,5,4.54515340672113,3.75099056141741,3.62466121041548,5,4.74762954655309,4.36797163758187,5,4.31569561684165,5,5,3.28193522555424,4.40118050793827,4.52541819680673,3.89801557417446,5,4.61690836538918,4.11913708026354,4.30576406415315,5,4.24812033791335,4.5610129629635,4.06037478858671,4.87866480171858,5,3.48753580641003,5,5,4.14074905314441,5,4.96109121682497,4,5,4.53463568696976,3.9138474499797,4.03934653093983,4.75710907562766,4.62679654234275,5.29244743054603,4.59622256322983,5,4.95933367007854,5.07839927780412,4.52823487573445,5.16192473046679,5,3.81626447054152,5.03573520719972,5,4.6391622799467,5,4.68738987266973,4.75020930975068,5,5.16901676710426,4.86239242934195,5,4.7406349876402,4.06014420380372,4.56928331520489,4.28018375978046,4.59056120870887,5,4.09369773769055,4,4.40831350991487,4.67363007671438,2.85741533414861,4,4.61651660822794,4.59752097525393,2.55158953456271,2,4.62892208359443,5,5.00874586803905,3.50606118101874,3.56145985485868,5,5,2.93091484543004,5,4.39358566665167,4.68381152216371,4.05255597924282,5.07312495640377,5,4.34352418917126,3.5,4.25647884166828,5,4,4.97922209146556,5.22777168613981,5.23607299545656,3.75214161342056,4.86038005533705,3.73610151607511,4.39974643657269,4.46252519203768,4.18553231678594,4.74301186039483,4.62640966752928,4,5.13576498782166,4.309777658725,3.25784188196341,5.00935130034432,4.5484967931331
"16",15,5.04533344940543,4,4.858346505663,5,4.13824968181772,4.9973230347484,4.64219987257269,4.47267815448036,3.63722178784159,3.60944831110278,4.83742325962579,3,4.2457962679702,3.75943605122389,4,4.85204854604577,4.20502387087601,4.5,4.30803513058054,4.4053308347904,4,4.98008658537188,4.49686848586351,3.99312830075869,5,4.5,4.17533657026494,4.39347971427735,4.01548284228148,5,4.58930462460528,3.34636253716336,5,5,3.99926002161793,3.53774614003138,4.84369014871177,5,4.76782674729604,4.42780874864557,3.83244139740975,4.00063591509449,4.63323492718436,4.46888605024778,5.14694571167296,4.46242449373619,4.5087972675978,5,4.5,5,5,5.10030425172849,3.7978825604773,5,5,4,4.76635202502047,4.52928031475993,4.64152874153407,4,5.01765864245268,4.70683474785938,4.77717834387626,5,3.98372334275204,4.42299287621717,4.13716061055159,3,4,3.94849502973641,4.60063421700201,4.24009482390282,4.44058343381237,1,4.54826823388004,4.50545360958229,4,2.51579800529872,4.2310981375061,4.54329091086362,5,4.87047707013591,3.40498969161482,3.48353008130558,4.83309788894272,4.09817274634918,2.91931734085721,5,4.24419825378415,5,5,4.95691408396714,5,4.24441006237703,5,4,4.68986331624063,4.05393266590472,4.83556092463358,5,5.04926664776742,3.61508413542006,4.74727952723321,4.5,4.17492754696327,4.36051516236968,3.96098443328992,4.57100605210674,4.44994153067015,3.6319580029794,4.95979235865416,4.10036390563183,3.21703391728282,4.85184914033058,4.46076177087418
"17",16,4.72572082305159,4.13085555193221,4.56663702303767,4.65532130851368,3.83110837000996,5,3.5,4.25766987974759,3.40610535148063,3.48034669644495,4.55033383743394,4.37409230895387,3.98691766112038,3,3.92358291527663,5,3.97815073472657,3.1256690141303,4.0769912014436,4.14357887169822,3.56727190420027,4.67024603741035,4.2322870906907,3.73826019042181,2,4.5,4,4.0834097151189,5,4.51063002049976,4.27104277334683,3.09626793160226,5,4.66865920779783,3.72831272800106,3.45003813625001,5,5,5,1,3.62839857473998,3.83512024082253,4.36043098478623,4.16632031396186,5,4.18480695327251,4.24155221435407,4.50643325749443,5,4.09001052171494,4.6854898827901,4.78888382812675,3.65960397521601,4.60210095624696,3.85513307812992,4.26573702512659,4.42191148250627,5,4.38405621662737,4.54282632984569,4.70456247106362,4.3992018798609,4.45841087117904,4.39421746769031,3.78003983939178,5,3.86030302980124,4.14027394497737,4,3.67533280018709,5,3.93414418831084,4.06180019745449,2.64336882242337,5,4.24981467355902,4,2.39996481861942,4.5,4.31256132857203,4.5420339746194,4.57544137014822,3.19420558824533,3.29402533753911,4.44595521926963,3.80691359420122,2.81562532380498,5,3.95744392166983,5,3.77629534442933,5,3.5,4.00924131207445,3.5,2,4.38674782846886,3.83493183633679,4.53608922929254,4.73609506083147,4.69879841347223,5,5,1,5,4.11872391409318,3.60600265455546,4.25076430450574,4,4,4.62325535653658,3.75653089164845,1,4.53766118344797,3
"18",17,4.95122462022213,5,4.79091635913576,4.8660729382836,3.99608436251814,4.88388042989105,4.57460112334064,5,3.56835965539714,3.68589382366427,4.7751414879401,4.59570979922278,3,3.63426662352199,4.11147563976265,4.72227302764682,5,3.30517583843418,4.28813655518689,4.3481700525619,3.74302320969422,4.89533839133419,4.44228858318927,1,4.11501837259436,5,4.18197649167768,4,4.05907700811049,4.74244429408507,4,3.22890719818537,5,4.90007379656066,3.89924301796135,3.66875015654062,4.80253312959168,5,5,5,3.8168980352212,4.05298422092161,4.57671224382167,4.35741078442935,5.07245787246811,5,4.45123932647284,4.72175242786551,4.82741284789388,4.28024097192643,4.90830617926304,5.02203047096326,3.87479927788714,4.82750899559528,5,4.48011810195477,3,5,4.60775188241004,5,4.93094522313994,4.60537254154336,4.66475895384066,4.62236432872322,3.9797175667899,4.32748099210701,5,3.5,4.46627523277508,3.84158172015228,5,5,4.21697288378675,5,4.491020387882,4.464413769565,4.21429597879516,2.53174960861857,4.1017059168351,5,5,4.79912670919921,3.34857698209119,3.46356968161304,5,1,2.98219372997972,4.50973854488182,4.1391927440487,3,3.97645662312723,5,4.67742500238294,3,4,4.014284198933,4.59368902457718,4.03291921021899,4.75526094223833,4.95938895539309,4.91088240510865,3.51109873977979,5,3.55597472570957,3.95622546307137,4.32891762707837,3.73681641625451,4.44144089822834,4.5,3.44815370440423,5,5,3.24478272939484,5,4.45307053745774
"19",18,5,4.27027340115041,4.64910136755888,5,3.83333586486057,5,5,4.39566183909451,3.45308842886172,3.64319026072561,4.63634263007938,4.47270574703332,4.0544073184239,3.48838777593241,3.98055694112193,4.54972882203636,4.07921401286694,1.5,4.18213814076174,4.22155015463362,1,4.74223154954471,4.3149036676724,3.78852290285352,3.98815846167511,4.33322441634618,4.09207992205065,4.10434011607068,3.99104559366792,5,4.29943116126622,3.09606680117068,5,5,4.5,3.65466099771537,4,4,5,4.27383249409217,3.72367026615583,2,4.44532198019313,4.20247912896708,4.92070743013265,4.24932860708667,4.32211363702585,4.57046953305062,4.67027267282037,4.13313263995631,4.74901371903956,5,3.8281235926424,4.68343498625687,3.98967669305826,4.35686284195263,4.43528004805732,5,4.4874389169448,4.60986280927787,4.7760267919481,4.45008827753718,4.50247942193779,4.50919949687014,3.8888262554289,5,2,4.18024096506259,4.36320932908925,3.70052285335311,4.47456082268682,3.9465698983446,4.00715006594267,1,5,4,4.02695906530532,4,3.94320973627288,4.43844140917998,5,4.65509993008781,3.24465288570685,3.3759417828879,4.41559840998749,3.8240832697625,3,4.36638037835709,3.5,5,5,4.7920314032569,4.5493627986672,4.10409763900872,4.09139494907417,3.87337968759525,4.44140179046566,5,4.60758208669851,4.79473330504906,5,3.37893059727285,3.66666666666667,3.44167513648838,3.75476188099621,4.21595533591916,3.53742116143951,4.27527309909873,4.14205786812586,3.27608733651025,5,3.71294172996324,3.18672523784034,4.59350382335041,4.34970796209923
"20",19,4.99192474694282,5,4.8457911331737,4.87835065069124,3.98552651948327,4.9105130113098,5,4.59074359961581,3.59701206203127,3.81223749957107,4.83306518665717,4.66486001765393,5,3.62736819909997,4.14689261420753,5,4.25615263939563,3.40620856072563,4.36377405604258,5,3.78724024226042,4.5,5,3.94623231946072,4.15575093641716,5,4.27281657117565,4.27010620358568,4.17160181906289,4.82175880921056,4.47405798402343,3.21868276096203,5,4.96136202170632,3.91431393345194,3.83050666323734,4.87487224423251,4.34605518668971,4.50629116762756,4,3.88564507719248,4.17112205268783,4.63430777866945,4.5,5.12852831096877,4.42745738524432,4.50556127424076,5,5,4.30340903307703,5,5,4.00535860271082,4.88131319775824,4.16815228276565,4.54329118540973,4.61300763734523,4.43837046078497,4.68090101668333,4.5,4.97607422449337,4.63409941633381,5,4.70528492696893,4.05939565774049,4,4.05759480442673,5,4,1,5,4.10479472668973,4,2.82677383442927,4.54636833597577,4.52983708736054,4.18326933007715,2.59456602781884,5,5,4.71661219865118,5,3,3.5221138563415,4.58590680429104,3.97817630920838,1,4.54889297896001,4,4.6417651661033,2,5,4,4.28107949458081,4,4.03229188747238,4.62564091627396,4,4.80096114313261,4.99357417938177,5,3.5155408852526,4.78271964962988,3.58525180421377,3.89466745089985,5,3.6671374769809,5,4,4,4.85319917421022,5,3.33007931967814,4.78394876182492,4.54012189347562
"21",20,5,4.39199842180787,4.69112656770029,4.66386571669987,3.78212910858339,4.7141420543612,3,5,3,3.80434965767788,4.68317516805784,4.53830350349949,4.08527850763274,3.44595745208738,4,4.52759155559869,4.15356487218303,3.38294276998589,4.26036719216008,4.26374541605633,3,4.76926208272418,4.36184543170078,3,4.01445323508993,4.43239347985997,4.19452052579497,4.07372399302337,4,4.70166944273661,4.27579725375747,3.05209744482759,4.90963104277871,4.80999245032978,3.74935521774554,3.87020071533027,4.74272178260878,4.2961575250268,4.22877360590009,4.33735613014465,3.79547946118591,4.5,4.49339186484895,4.19035805812612,5,4.2735734326612,4.36627064541788,4.58954719867689,4.6849813465733,4.13108101362771,5,4.90587825056849,3.99408231216349,4.72349989424711,4.10899962153312,5,5,5,5,4.63230108657973,5,4.45369837996984,3,4.5956510281176,3.97594723639659,4.18469730947486,3.89114033380503,4.17340538270905,4.45892071829564,3.68116828020778,5,1.5,3.87923670059001,2.75738913973371,5,5,3.94249373562322,2.55749666349928,3.90724520055332,4.54011906759151,4.46762899550678,5,3.26470672834105,3.43522474167551,5,3.79251392606737,3.07959470569265,5,4,4.53092598214461,3.97651830075782,4.86829197605762,5,4.16999413676083,4.22829893192613,4,4.45005301816986,5,4.66666666666667,4.80359801766861,4.70321385144695,3.35494680697786,4.65566097811246,3.4553292289388,3.62580470147621,5,3.39795171409256,2,4.10072719626749,4,4.64799297303797,3.60362159822399,3.2888943203639,4.60155964723,4.44396961221733
"22",21,5.28304786917496,4.77306940246009,5.14020568692733,5,5,5,4.90428403520266,4.90873899445945,3.80626678909814,5,5,5,5,3.81087078039012,5,4.99098138132493,4.5334320142818,3.6611793241555,5,5,2,5.23332222321774,4.7756429392847,4.17496616138911,4.40337575487054,4,4.56505838149936,4.49577443233428,4.47524701328138,5,4.66666666666667,5,5.38002732352288,5.26672288560218,4.12964264816381,3,5,4.66001927356371,4.70495030890608,4.74077923980448,4.14074885470678,4.47905767862708,4.91980629972905,3,5.43857871946196,5,4.7818416790143,5.03943487401812,5.14650162782859,4.5452155807904,5.23385139765485,5.37910822229869,4.31421605750887,5.17675361448041,4.46291564148274,4.82834038180705,5,5,5,5.08485844375443,5.2697773278229,4.89739228302251,4.94902626836857,5.01394826246555,4.33194724636797,4.60167475023225,4.28335818206931,4.59405931710907,4.85911771467953,4.05857640314611,4.97761336582291,4.31670426156859,4.32833882049391,3.01022983596502,5,4.81591601721181,5,2.77790894796188,4.31520214903043,4.94558526242676,4.94785747840595,5.14447291684426,3.58162907768703,3.7504514915385,4.79377829845544,4.18689581935331,5,4.81576772853038,4.38516282490389,4.94475260266278,4.33333333333333,5.31872703571828,5.04241642844548,4.55554509385861,4.58574346035539,5,4,4.36961902189693,5,5.27977436652749,5.18623404325196,3.70194166121887,5.08768445562502,3.7943746646548,2,5,3.80444313996837,4.68520755334756,4.53059920343061,3.53806826820748,5,5,3.56898926396165,5,5
"23",22,4.94849916035574,5,4.83811038585013,4.77422529287961,3.85426793681352,5,4.61288883711909,5,2,3.99279241369698,4.83256813407126,4.6940894558468,4.21015936668383,3.51398641320475,4.11442238942812,4.63528823842636,4.30394360319151,4,4.41568413272442,4.39951726537258,3.78422007978694,4.91014221607263,4.50279844007666,3,4.13496705628136,4.60367067880566,4.36128839058264,4.16479540847157,4.3114548352235,4.86955686792669,4.37601823581898,3.10886983496501,5.06300526246624,5,4,5,4.5,4.48481366642157,4.27991712312556,4.4866966681523,3.93500156899854,4.323580737763,5,4.29459232158302,5.11589873676828,4.39982423095244,4.50582331962137,4.72134026702304,5,4.23923408217236,4.89959537397572,5.05549470032307,4.19015877780549,4.8702718739317,4.28270438629411,4.56239225028707,4.48163590166428,4.36165967127174,4.71866899851677,4.76705619886203,5,5,4.61209890434784,4.76431688782861,4.12858612424094,4.29714082223285,3.99057537816349,5,4.62901553582299,5,4.73322802504935,5,3,2.85646522832002,4.54783078414169,5,4,1,3.5,4.715612617712,4.54770540441418,4.83837887314621,3.36198842893438,3.55839235356228,4.3721736742907,3.87562767039355,3.23266284658868,4.5139574034211,4.08139081494013,5,5,5.0386164949274,5,4.3162007409913,4,3.96385737301408,4.57247507343213,3,5,4.93548799653191,4.81320030929963,3.43061978085609,5,3.55416591471754,3.65144318123439,1,4.5,4.34379860365437,4.186674622345,3.5,4.76301309880432,3.63937334316075,3.43155957089985,5,5
"24",23,5,4.78551031638282,5.06738890112428,5.00507683509003,4.0428851399496,5,4.83171707722502,4,5,4.17310549536599,5.06124210809777,5,4.41008054362696,3.68565153093589,4.31064125913974,5,4.50530501125984,3.70205526684088,4.5,4.6077305768274,5,5.1439342173911,4.71563520681303,5,4,4.81767195805231,4.56342453833286,4.36686860039617,5,5.09767961674378,4.58773884389366,3.26119702487914,5.30300019607961,5.19969329605389,3,4.27116745938357,5.13622907367513,4.69039811761412,4.49320606119234,4.69759292712478,4,4.52088370897711,4.85770741959573,4.50159368068318,5,4.60931623808257,4.71900137141115,4.94662944059424,5.04710283215048,4.44286912074079,5.13366568425967,5.29560188785952,4.37960784747929,5.10123222819731,4.47987961489225,5,5,4.57168455837479,5,4.99430318242418,5.17846390048402,4.79275027692009,5,4.98692495471236,4.32063087522,4.50318431618903,4.18258081072064,4.48600339135062,4.8444768805357,5,5,4.18316067906038,4.10894419341574,2.99020246628349,4.76293919508524,4.7686681303701,5,2.78820099181858,4.18510605580492,4.93481066380112,5,5,3.52195762431781,3.72502700099341,4.58922532356117,5,1,4.72919752863654,4.27805268001783,4.91520110016701,4.32247434790346,5,5,4,4.61701418291616,5,4.79135262648154,4.34212177508907,5,5.1717757660753,5.04610543413918,2,4,3.72381059372644,3.83579915807601,5,3.58542983027165,5,4.39055250794323,2,4.99266991678814,3.82176722510141,3.58908624450825,4.95403361751793,5
"25",24,4.99363260151604,4.70287200790299,5,4.78276275864804,4,4.86478284836401,5,4.82358291364939,3.59585612287977,4.15048970373796,4.9002210089561,4.77651810370589,5,3.49960129076087,4.15399387823158,4.64443652204126,4.39132952095176,3.6665043746263,2,4.46074147463653,5,5,5,2,4.18140140536534,4.71346850017985,4.4723651053917,5,4.45073510818602,4.96489772865996,4.38238142700072,3.09079753191963,5.12896333589038,5.03676243545661,3.8560773133166,5,4.99182511612368,5,4.21273597190387,4.56616852239534,4.01808186152579,5,5,4.3100417466111,5.18070940052323,4,4.56931009425624,5,4.85777459771595,4.26272483773374,5,5,4.35301862829653,5,4,4.63727196610169,4.47073314208453,5,5,5,4.99389901936151,2,4,5,4.22554512118953,4.32535753314211,4.00897054610994,4.29982799002092,4.73608975961784,3.77429913091988,4.83558686717608,3.97978595049968,5,2.91332185212754,4.5,4.63216050647365,3,2.74281676893693,3.98482360484841,4.82816107617629,4.5166163528481,5,3.39864066864537,3.62882164555716,4.31340043890435,3.8724203196216,3.36112180418292,4.55775838173574,4,5,5,5.13195646861663,4.84504879985749,5,4.55478154780062,3.98108091350607,4.60684335723199,4.23192126675789,4.82579639276048,4.97219133618367,5,3.43107308286037,4.90416738552708,2,3.56594847284567,4.51580051108935,3.31617794483028,4.34604364568343,5,3.12812982163141,5,3.57013044729455,3.53688466921701,5,4.71865221150322
"26",25,4.80212559733245,5,4.73296396772883,4.56507681071257,3.63389971057232,4.66151356509655,4.50752870927429,4.72007867402271,3.45711334005544,3,5,4.63211492659288,4.10946662427838,3.31993827088529,3.99668930126103,4.43389369674812,4.27003389865967,3.61719071526853,4.38403608022649,2,3.70523896748657,4.77823376716868,4.41756827268999,3.78769380486909,4.02957998947449,5,4.37063936300585,5,4.37789063207374,5,4.18147698531723,2.92681980894404,5,4.86956866940226,4,4.29149963673268,5,5,3.94720707343472,4.42878959912312,3.9101796368077,4.40353447323985,5,4.12153248807612,4.99979437891731,4.28166330296933,4.415993052512,5,5,4.08439561335809,4.75009066434919,5,4.30808519591748,5,4,4.49199544164977,5,3,5,4.63285469748241,4.80806207953941,5,4.43751508233265,4.73347050154033,4.12154344416551,4.14873532582204,5,4.11605626419394,4.61794212504653,3.60208764574148,4.70807750242206,3.78262193984314,3.56597802175241,2.83174739793653,4.45847073909814,4.49002093398788,3.72149981243479,2.68954851237882,3.79032981575645,4,4.27237134107094,5,3.27416406090527,3,4.05141742727635,3.68617227107798,3.32910298576745,4,3.91836748476044,4.66044785068344,4.1273591047789,4.981526796856,4.69421102466689,4.26821552196861,4.47777091205119,3.80987665321953,4.42298943252287,4.11471286510198,3.5,4.77337102376464,4.59847302125295,3.26930689240859,5,3.44914908987068,3.31290873942079,4.38368773736998,1,4.14278939156663,5,2.91233354848782,5,3.5,3.4737052048306,4.571671533446,4
"27",26,4.65817660650491,5,4.61185745801153,5,3.46677837522023,4,4.38941815639079,4.66696435141102,5,4.11558792478805,4.61845683939037,4.53532047526887,3.99932456134822,3.17112139512612,3.87905562019044,4.26581168241146,5,4,4,4.20351450691789,3.61219965792471,4.64229421158851,4.31138604769961,3,3.91804746422695,4.53320871270636,4,2,5,4.73379530038368,3.66666666666667,2.78979530690541,5,4.7517622936462,4,4.33927959567252,4.73994471509475,4.5,3.71611917631114,5,3.84306807036703,4.38524614061276,4,5,5,4.15987183430561,4.30739024483454,5,4.52525704144681,3.94585201422067,4.60519698439126,5,5,4.63703398040264,4.28339624146806,4.39266205175775,4.06626970694454,4.04211349382449,5,4.49770291066555,4.67009601019119,4.27120805401636,4.2836176095912,4.65180477706906,4.06095600001449,4.01271971949861,3.70345722470209,3,4.54836785381755,3.46432106166508,4.62978610123059,1,3.33300247351711,2.77956588047688,5,4.39393648182744,3.52190717086976,2.66523851806364,4.33333333333333,5,4.06726083116216,4.60293648331263,4,3.46142205531879,3.82523873743709,3.53474234615653,3.33438729958073,5,2,5,3,5,4,4.18386760228927,4.44947440559849,3.67557488535009,4.28261757264408,3,4.51840416651897,4.62146006814461,4,3.13856835026245,5,4.33333333333333,3.0874773798106,4.29682588987487,2.83844216872184,3.97892715013035,3.80074308769913,2.72109335184043,4.5,3,3.44816869496499,5,4.52978112986222
"28",27,5,4.90792972385712,5.02879426041932,4.84035897932219,3.84800157042863,4.94609740733952,5,5.02699762394109,5,4.38638981625896,5.03210250069197,5,4.36544860872807,3.5162216718908,4.24379804378657,4.7014280392407,4,3.85789680549323,5,4.58034829021031,3.93714321631378,5.07448981035216,5,5,4,5,4.65375748999795,5,5,5.13166736467856,4.43335047017825,3.09883633021269,5,5.17513189110761,3.91082574173454,4.5874385409268,5.14759812509811,4.84596047657594,4.17105685921117,5,4.16037306684051,5,4,4.37153973299512,5.31183325004381,3,5,5,4.95608952652144,4.33370522359228,5.04288705787046,5,4.59729692627934,5.05804015888563,4.60488354259003,2,5,4,4,4.91950850130442,5.10596045468337,4.68626651795936,4.70778549393236,5,4,4.40280022119282,5,5,4.91512429115936,3.81921814952738,5.00976659706893,4.00764242371282,3.76395280253172,3.01230797477466,4.73804823821509,4.77397200945564,3.93576310615043,2.86548084440416,4.0163720608786,5.01487309299266,4.52257428008004,5,3.47740519633235,3.75163455113307,4.28311250036157,5,3.55308910595991,4.65676544946638,4.1561915142411,4,4.3935999816533,5,4.99066554749542,4.53936825255208,4.5,4.04153853962905,4.69466419224478,4.37732196477517,4.93744489839797,5,5,3.46537577794318,5.06009550742809,3.66208578994785,4,4.66213544963402,3.2304547748196,5,4.20656266965217,3.07384915767615,5,3,5,4.85234048200776,4.89590579605888
"29",28,5,5.04379370150351,4.5,4.93860989817166,3.91810370981236,5,4.90101395334922,5.1645223433377,3.75249375406603,4.52082268082858,5,5.04776339730949,4.46707247920067,3.58136268332604,5,4.79711799166141,4.65885332997053,5,4.78400840200513,4.6894098438967,4.03054748847441,5.19042037818076,4.80759547181531,4.5,4,5,4.77936150353704,4.28707059075805,4.80120447068153,5.26195331420525,4,3.15461180288083,5.38494492041253,5,4.33333333333333,4.73970439438899,5.27544314859537,4.98445248945154,4,4.82652172878808,4.26775046725654,4.83252872594757,4.95180115567448,4.46261717648987,5.43643781655012,4.6510236085381,4.80475225397523,4.97593353074996,5.0664115397583,4.42646920169277,5.15537014372426,5.36261674233832,4.73746106082927,5,4.73362853276022,5,4.58687466030527,4.53871344226539,5,5.03096290652346,5.22228088575574,4.78802474882506,4.80761264163797,5.16613350517162,4.50310440920627,4.49836047779571,4.15718406408531,5,5.04468239034345,3.89661157282431,5.13976777562224,4.08409003830551,5,3,4.8512947429256,5,3.99949404641802,2.94553158753384,4,5.14805984488021,4,5,3.55722928828994,5,4.34997321887479,3.98277389285081,3.66220118542183,4,4.24300600389827,5.08527125695837,4.51040968356646,5.43085933472035,5.11327678762392,4.65343422170938,5,4.12663080122083,4.79785517471546,5,5.050738229949,5.17774054149715,4,5,5,3.74429529031616,3.53845344920258,4.77922160997251,3.26534471623495,4.4790367352636,4.28683486864138,3.11379073604059,4.94699580810336,3.56818189674631,3.80701342359446,5,5.02469020310493
"30",29,4.89820314742,4.84764561156992,4,4.59656841370557,3.61290447470743,5,4,4.95681688754142,3.52481235363169,4.39959042198669,4.87042068287299,4.79251346917693,4.21268899135943,3.30698126020492,4.08014876293194,4.46597112247534,4,3.84900677025032,5,4.43262686314342,3.80840164500476,5,4.54820241501297,5,4.12510917134215,4.80701536244726,4.57996898268784,3.97977500107337,4.63635601815429,5.00792463777114,3,2.90601078997736,5,5,3.72431926643321,4.66143708710947,5,5,3.84460362200035,4.58329913399937,2,5,4.68433402434195,4.16344415369777,5.13085473067717,4.37788446179839,4.54262201303819,4.67652020151658,4.75660954096553,4.1401739701623,4.84109438894178,5.05657654833843,5,4.8865472879857,4,4,4.24508558589143,4,4.83500919002825,5,5,4.48445659920312,4.49267977408601,4.92514943886787,4,4.21297705945101,3.88361190408553,4.16544809967724,4.82120308326306,3.62618760227613,4.33333333333333,5,5,2,4.58745844570628,4.64186125998718,3.65420001822216,2.83403324138859,4,5,4.23379737658029,4.84987169930278,3.34990899063803,3.66230584225998,5,3.69401232523829,3.56490616129637,5,4,4.84508481102529,4.31479397438897,5.16219719098584,4.84920424310825,4.42381031420769,4.73792733980994,3.85374245785621,2,5,4.75617989035063,4.85466496326562,4,3.28200284522221,4.92722585018492,3.51825697808895,3.17610678284004,5,2.90950780353408,4.16178638299245,3.96832066823119,2.8032371123885,4.61419152850029,5,3.66975325365681,4.64890927108953,4.8009742468732
"31",30,5,4.89275161953289,4.86218004094457,3.66666666666667,3.56822922576362,4.70299391673033,4.62442421671087,4.99942319001807,3.51572969814115,4.4684871770341,5,4.80690828464651,4.21056378211051,2,4.07162843647167,4.43345282567383,5,3.90086687137165,4.58135760439769,4.43574838394268,3.81033303298544,5,4.55341676566001,3.848641140647,5,5,4.61565410580833,3.94479016421969,4.69069755826923,5,4.17561564740256,2.86854217111049,5.0851929310926,5.0176274377091,3.70125593356275,4.75914143470677,5.02390146873729,4.86292054271976,3.76565910660336,5,4,4.73367575627527,4.68955170401891,4.13782673696563,5.13035588494804,4.37135276911221,4.5463255632604,4.66578022948616,4,4.12021704004974,4.82784667744561,5.05368169584516,4.67795376683128,4.88642967209382,4.59998424734604,5,4.2008715506609,3,4.85253064935084,4.72240427511847,4.90610665860121,5,4.46892534630508,4.95044487860174,4.33386621749756,4.1955969053792,3.86242081874048,4.14273724212118,4.85207924249261,3.59902279839112,4.93041801651839,5,4.5,3,2,4.65442782227462,5,2.86196584568116,3.75629376122649,5,5,4,4,3.67835618280862,3.88956283427094,1,3.62119337376399,5,5,4.86843291030989,4.34458836098042,5.18079307592672,5,5,4.79190550881744,2,4.48325725369262,3,5,5,5,3.25384938583461,4.94359622124147,3.5097917310338,3.09052762214078,4.55965140521688,2.81934189999532,5,3.92747737210593,3,4.5851892402154,3.14954874679707,3.70942730391008,5,4.8311426559496
"32",31,4.71512783252319,4.82284092276931,4.71471741721849,5,4,4,4.48114104254475,5,5,4.45402622450557,4.7309328218002,4.68488267244227,4.07740828262309,3,3.93134031429074,4.23926394561326,4.35874279576033,4,4.48057783540928,4.30502819623059,3.69670650957294,4.71537122815036,4.42281242841038,3.71104227835176,5,4.74972399408869,4.53746133721224,3.5,4.64346008252006,4.91265711019144,4,2.71360857110137,4.9301696840716,4.87288041334324,3.54641975062071,4.78710895686143,4.89647474384577,4.80992908233896,3.50921833861337,4,4.00216234889052,5,4.55477065052978,5,4.97183991911419,5,4,4,4.57327362140523,1,5,5,4.6600928625153,4.73608783196548,4.53907957901935,5,3.9929772239021,4.04016787934011,4.73467755107316,5,4.74097903446288,4.2960386549881,3,4.84344300706801,4.25149073620151,4,3,3.97496525154617,4.75804898032177,3.44001549102378,4.82700250340287,5,3.09162198001314,5,4.45799916510295,4.53382762797012,3.36796846286642,2.82383261773181,3.57476372549915,4.86565015265529,3.94459320971596,4.69828462258987,3.23551069418625,3.59395604480461,3.63764735594663,3.48636369347639,3.61028444510601,5,2,4,4.26422180203055,5.0547698456537,4.73243662727102,4.33257501602101,4.74091066551919,3.67554312558486,4.31755036684457,4.19909380872727,4.59347839273464,5,4,3.10368470104145,5,3.38686384723612,2.84300145043544,4,3,3.93878805876448,3.73399229747471,2.52177753779281,3,2.91912916191192,3.66618924483822,5,5
"33",32,4.50080383401427,4.72048565000913,5,5,3.15143899326863,4.28979810103647,5,5,1,5,5,5,4,2.89606323999313,3.75540152553387,4.00189083649676,5,3.82319704957658,4.34569725607673,4.13779904165869,3.55157769603531,4.51030106106928,4.25510819635824,3.5392190565067,3,4.62527980030614,4.42737171904994,3,4.56720253992709,4.75803865170513,3.76336117536254,2.52764793469773,4.73274804866309,4.68716401914745,3.35629854663922,4.79362914841214,4.72987134805044,4.72642855336553,4,4.32984955071021,3.88389027312925,4.62443354201047,4.38175185749431,3.75280505346854,5,4.04166595108497,4,4.29974337348359,5,3.75767116791835,4.44108301444011,5,4.61637231267658,4.54485963668837,4.44817984555365,4.36456717803278,4,3.8273639286582,5,4.35843371028052,4.53330637412145,4.08521505543267,4.06778186929846,5,4.13822207962047,3.83746050377063,2,5,5,3.24580771241222,4.68741929719831,1,2.79092765260398,2.79705765971144,5,4.37666381689774,2,1,4,4.7382693179136,3.66742478223143,5,3.09651889242543,3.48180936844133,3.33925342590941,3.2758940403122,3.57966497377638,2,3.57131155287272,5,4.15311876822609,4.88891363521446,4.56550953687668,4.19102211405954,4.65998111857118,5,5,4.07034728414895,4.39594252455449,4.43527077845699,4.13683727908575,2,4.65992243409359,3.23299417406677,2.5535549040966,5,2.28408484989465,2,3.49999062931752,2.27511259980977,4.15623154157453,2.64828901841038,3.59938220120224,4.24617112254841,4.60710990086768
"34",33,4.56025716939358,4.80726417637175,4.59210670297969,5,3.17761900821768,4,5,5,3.27870662574194,4.50764273889402,4.6144055514005,4.5963052707208,3.96373554627611,2.92123086164499,3.80558496795335,5,4.29491427473976,3.89998843267572,5,4.19840379484661,5,4.57181609946577,4.31828214321325,3.58531423255599,3.87009837000509,4.5,4.50595102855097,3.57391795773623,4.65570636179734,4.83524407271472,1,2.54795115826573,4.75,4.75655627835503,4,5,5,5,3.21887540858036,4.39791027034144,3.94849539279832,5,4,3.7956921138017,4.83845545774535,4.09679485287758,4.3051980431338,4.35678279664469,3,3.80303130478106,4.49908256244138,4.75597274281672,5,4.60992077498081,4.53105984293413,4.43159759290144,3.77647815434193,3.87182739220067,4.65258206082612,4.41699484212653,4.59482467174015,4,4.11597238463528,4.77786372094926,4.20960092754671,1,3.55457403426824,3.5,4.70867093091199,2,4.76602038473193,5,2.79432164945056,2.84268759012083,4.34993654246435,4.44470085319848,3.12065996120149,4,2,5,3.69541623792174,5,3.13911030302857,3.53850560416005,3.3555582199141,3.30829987459316,3.65484712967019,4.1777715355125,4,4.69224341079345,4.22526792050344,5,4.63588739852176,4.25795761855958,5,3.52361618170734,4.16364681867515,4.13709711413051,4.45636360676146,4.49151583766484,4.66666666666667,2.95091434439704,4.733632565409,5,2.55380221915188,4.37206298873329,3,3.74781309946837,3.532791096997,2,4.2034610466894,2.65439940405412,3.66779311707784,5,4.68592187636609
"35",34,5.20298493160214,4,5.19554336551259,4.82537439125087,3.74813863604876,5,4.93906547840912,5.40127956245224,3.74273360210056,5,5.21200264171009,5.15545816303703,4.5,5,4.33737109260454,4.68971994253796,4.79253165597938,2,4.92594767777573,5,4.07312455976386,5.20079939386185,4.87159543887468,4.09584189843187,4.39603806070817,5,5,5,5.08819336243597,5.40275855614897,4.41478229469459,3.01096138056709,5,5.36758255311959,5,5.22304906229745,5.38827130814136,5.27180053752487,3.9102491783313,4.93148504488589,4.39939316332817,5,5,4.38374403398156,5.47977403085296,4.66038199116512,4.86186918149067,4.96891124442768,5,4.37299204475022,5.13846758070216,5,4,5.21974352988917,4.97814821876584,4.98174204558883,5,4,5.20864586454029,5.03168300312667,5,5,5,5.32431112749788,4.67019137585586,4,4.09584494154796,4.39312807668763,5,3.80596545795512,5,3.94139745914574,2,3.17440336638435,4.91093789546773,4.98996835432832,3.74606345032344,3.09705572578064,3.95984120110806,5.34423913724589,5,5,4,3.9522435903063,4.04926323337729,3.86085860080328,3.94846963298052,4.76070381509963,5,5.23392947649385,4.6835127572239,5.56084081309867,5,4.76618090990251,5,4.0626004923534,4.76689213297425,4.61710382616985,5.0657666487928,5.14315523294393,5,3.43582753028998,5.30428739456599,3.73726946765372,5,4.89437120888897,2.88337199044428,4.35967127483706,4.13736018741088,2.81767152455866,4.85681798233979,3.25775510901189,4.01907108259361,4.92457694020226,5.20380518013383
"36",35,4.28842028760303,4.71022698814799,4.36115916779993,3.83604907388245,2.86831842297335,4.04552472350395,4.66666666666667,4.7874685860399,3.08138413638486,4,4.39090762629195,5,3.75432935374064,2.64553475638057,3.58320765151797,4,5,5,4.26569691680517,3.99428177684829,3.4256304456682,4.31431540075478,4.1149262234725,4.5,3.65847589791142,4.57330717647355,4.39329521910605,3.27627250775888,4.59680404854741,4.65840275269505,5,2,5,4.53104075472686,3.14533702573301,5,5,4.74910524846329,2.79468305341503,5,3.5,4.66887056552471,4.23683669203728,3.51755105748081,4.58973347303245,3.86609150703116,5,4.09895288649954,4.14790450703521,3.54314492310533,4,4.50357721930486,4.70418917313689,4.37412380668825,4.4481475075764,4.24019286074524,2,3.59373806869249,4.47265923071791,4.16136802727818,4.33361956217722,4,3.82760727792241,4.61712852915533,4.08837458682228,4,3.30331357506379,3.54318543288426,5,2,5,1,2.36800516129203,2.74060864054762,4.14154017361007,4.25908640694807,2.75326863222589,2.76651310819922,3.09214008880473,4.33333333333333,3.31641529974342,4.33456787001376,2.96508651997851,3.41063246238118,2.93976746551111,3.0267642138286,3.65345810216624,3.93448872753091,3.5,4.52947152832681,4.10755821211198,5,5,4.09395631432867,5,3.27217154122901,3.89940762949279,3.99122926063753,4.20897830922891,4.20559801510347,3.85019126232526,2.70756617509078,4.54578242284134,3.08057899701164,2.14173689252858,4.20321181531114,1.86542057218927,3.44266413525961,3.21796481522315,1.92767337428155,3.89335680366394,1,3.61106673834172,2,4.54591940726298
"37",36,4.78474810608177,5.09859008729029,4.83050932559405,4,3.29946109047151,4.54461655830478,4,5.19094044678857,3.43956776849579,5,4.85643848854163,4.84756726657828,3,3.03573699437436,3.99421570434574,4.22365958965203,4.53671265860222,4,5,4.41839375555772,3.79137519448653,5,4.54645597073682,3.76034216850603,4.06611702187386,4.97991637206483,5,3.72544635989589,5,5,3.96969212416649,2.64408647557981,5.04965558639237,5.00744944947888,3.54816695586537,5.25004332688319,5.06672106482405,4,2,4.63873359681789,4.17264685261515,5.01543509860289,5,4,5,5,4.53126108234336,4,4.63353657928528,5,4.71907351912338,4.99907258791213,5.02311491199664,5,4.8081138803448,5,5,4.04878598568872,4.90972175688529,4,4.82467887835362,4.33225666751927,4.30618373820648,5.04886059441406,5,4.06938466801129,3.71819905275089,4,4.98138969710724,3.42457420662993,5.03798730541415,3.50222097160332,2.85694568880066,3.00206304218534,4.57875888635769,4.68639018446312,3.22196006976054,2.99072985594803,3.52704822731803,5,3.83154499462424,5,3.29742023698658,3,3.45849865506866,3.44683222024731,3.89721771599402,4.3850935801906,4,4.95696543865073,4,5.24125437881769,4.88664425173804,4.49347776657569,5.04643175033971,3.68513170692445,4.36398496603315,4.36982045455265,4.68100746355395,4.70737848101986,5,3.07672418737659,5,3,2.60456117454777,4.61376339571097,2.31069840897617,5,3.67663120034534,2.32791626333341,4.39321230268366,2.7204344958585,4,5,4.95679270855626
"38",37,5,5.19506686576986,5,4.38354360192368,3.31909562736583,4.59421349713463,4.64798768224525,5,3.48175828610232,4.91229460011045,4.92557666207908,5,5,2.5,4.0443841151567,4.26308858389776,4.61137538822323,4.23814230356458,5,4.4811597483002,3.8448010882533,5,4.61220136931982,3.80593138112592,4.11975083746339,5.06765340120956,4.85927943446516,5,5,5.18817848416343,4.00581915992328,2.65885495156866,5,5.07959379119205,3.58375506352698,5.37908608210535,5,5.21939827938558,3.31024097790768,4.71095966465349,4.2424457186339,5.11877924937145,5,4.00747307206417,5.15800158986884,4.35793909236276,4.59592146146882,5,4.6896316644141,4.02402645314435,4.77650312154384,5.0663637765122,5.13332186095438,4.91492530460274,4.90058673285075,5,3,4.09049447233788,4.98760984099101,4.69532070513023,4.88656433944853,4.5,4.3518292113281,5,4.53220454626961,4.11545657539427,3,4.03000910994179,5,3.45608072511834,5.12311496550588,5,2.84642803679633,3.05106568348807,4.64434713694215,5,3.22978617832038,3.04817543981048,3.5542189898729,5.19154639930224,3,4.87224715274764,3.34049646258806,3.79751088890334,3.46317901170859,3.47456292991168,5,5,5,5.03888137610607,4,5.32433891710516,4.96084538082876,4,5,3.72338348401546,4.4151039607097,4.4416210391023,5,5,4.40281513738574,3.10285882942528,5.07225110183028,3.47952258941732,2.59090817732653,4.68699560140902,2.29033355678932,3.9426250265559,3.70368958243127,2,4.43701773365149,1,3.97178462883727,4.55883528412381,5
"39",38,4.84333856777856,5.23032589752235,4.90530619518879,3,3.29602686944291,4.58661857159551,4.65407868978725,5,3,4.96191753853952,4.93476298623409,4,4.22746078697343,3.03577282657617,4.04476172201899,4.24888400277056,4.63076009025191,4.27625155307455,5,4.48937166343695,3.8513834978544,4.86549690115881,4.62189519372414,3.80452676886923,4.12288238150178,5.09512911075264,5,2,5.08849902520871,5,5,2.63933263648449,5.12730969826908,5,3.57446506523809,5.4472350734074,5,5,3.26589900204677,4.72636773260847,4.26148390330273,5.16251296849553,5,3.99719187236779,5,4,4.6046551800146,4.62846841695956,5,4.01728022759027,4.77497307783126,5,5.18431074080766,4.92173507859916,5,4.75454741126035,3.93642413905422,5,5.00546476795871,5,5,4.37608543957887,5,5.15605445266283,4.55622219074445,5,5,4.02156271249574,5.09425733046548,3.44406736236131,5,3.50871598298536,2.7969492462339,3.06346026951658,5,4,3.19509350472002,1,3.53618684719118,5.21972357084802,4,5,3.34258767447162,3.81278654067626,3.42195072314183,3.45820375716412,4.02409804340187,4.44089424841059,3.8052263304561,5.06042297802049,4.57578878396339,5.34333197022397,5,5,5.18802615230545,3.71511783988806,5,5,4.74500409124677,4.75837424434518,4.3868732008141,3.08973745656157,5.08951041767971,3.47914334928129,2.54144269914489,5,2.23760152375378,3.92670092254582,3.68353676265488,2.2781216017746,5,2.67182077962029,4.00196059275054,4,5.06843632523119
"40",39,4.52277177158594,5,5,4.01300470530263,2.97390406185505,5,4.37642529819637,5,3,4.86355090836072,4.65286626169058,5,3.97096193384503,2.7467645191294,3.78093014700329,3.90482335305474,1,4.17013792982315,5,4.23225194066823,3.66666666666667,4.55649410376272,4.36286582735679,3.54830045700517,4,4.88652002979095,4.69992801883088,3.41920717673248,5,5,5,2.37657825606959,4.82546747309211,5,3,5.40190574150998,4.89900659267357,5,2.84826334354422,4.48666637790074,5,5.02398696567592,4.49191146873763,3.68763634672291,4.8574925013481,4.08312779263213,4.34235774666537,4,4.37170522736424,5,4.45445650852853,5,5,4.62980245580241,4.77110983020841,4.50296085885756,2,3.76994566998952,5,4.392049734695,4.57585762059506,4.06457577902497,4.01842078653747,4.92239222655433,4.36714785209576,5,4,3,4.88010127320913,3.16288951139533,4.91862133662132,3.19017648876961,2.38656186120754,2.91912824945078,4.38958837189181,5,2.82632746800486,2.96720496587956,3.5,5.00614880139488,3.42991543200701,4.58679270311448,2,3.63246025421935,3.00833877246541,3.15618178836699,3.94549331652929,4,3,4.82689772282478,4.38927911501357,5.07955260698169,4.71353902476923,4.35601023230902,5.03390615105953,3.43331900055445,5,4.25233341139094,4.44678042758521,4.42766561672941,3,3,4.83445053931888,3.2489794227448,2.14789180920192,4.47206928306603,1.84902959945943,3.59591323029319,3.3493348461765,1.94163363231331,4.08071165189021,2.30067628391013,4,4.23760028382248,5
"41",40,4.56445026503925,5.12857126106515,4.66787115005251,4,2.98009486090517,4.28324066112637,4,5.20625316792446,3.27857993158802,4.95531069050968,4.70486887357985,4.74540585019964,4.01231064295431,2.7541042914028,3,3,5,4.24466681945232,4,5,3.66869579880375,4.60114222249224,4,3.5800979732718,3.90554900016105,4.95779580899766,4.77083492444473,3.43574445238316,4,5,3.68442641844639,2.38050966290693,5,4.85794485227461,2,5,4.96021278872835,5.18795397792881,2.83340024969798,4.54293284066512,5,5.11173988338953,4.54306765288352,3,5,4.12314497803042,4,4.36392862382082,5,3.75103771912914,4.4945924083817,4.81235881874222,5.17263628536909,4.67936877869799,4.8482009704671,5,5,3.79631827509516,4.5,4.43388091217782,4.62027135373288,4.09756955283395,5,4.98970935409404,4.43034538151299,4,3.49201122132492,3.74562317224428,4.95017427951288,5,4.98685637435117,3.20196390132064,1,2.95795121507184,4.43904740871919,4.5814356553993,2.820277719104,5,3.2345851137317,5.07919644357073,3,4,3.16389766208964,4,2.99787937632123,5,4.02015975977251,4.19123390577893,3.53595016561672,5,5,5.14470191766936,4.77080337163338,4.41204575190225,5.11891311876812,3.45763141479432,4.14064899331278,4.30934751395466,4.49098966884174,4,5,2.84085986722485,4.89569241596516,3.27894217745242,1,4.52951973409498,1.81700118996528,3.61458542358605,3.36175407502503,1.92163345067384,4,2.28223022564293,3.94188300316269,4.27342926166242,4.92318468216042
